total_area,num_rooms,wall_length,perimeter,complexity,openings,file_type,filename,total_cost,cost_cement,cost_bricks,cost_sand,cost_tiles,cost_paint,cost_adhesive,cost_fixtures,cost_mason_labor,cost_helper_labor,cost_miscellaneous,concrete_volume,steel_quantity,formwork_area,footing_count,column_count,beam_length,slab_area,structure_complexity,project_id,cost_steel,cost_binding_wire,cost_aggregate_10mm,cost_aggregate_20mm,cost_formwork_material,cost_formwork_labor,cost_concreting_labor,cost_steel_fixing_labor,cost_carpenter_labor
5000.0,10.0,500.0,400.0,10.0,30.0,architectural,1.dxf,1770303.38,148640.0,345000.0,104512.5,29379.63,24000.0,24386.25,105000.0,297280.0,320505.0,371600.0,,,,,,,,,,,,,,,,,,
943.6311523437499,3.0,276.4618359375,125.5,9.5,14.0,architectural,10.dxf,600628.6100000001,80000.0,190758.67,60000.0,5544.71,24000.0,4602.33,49000.0,56104.53,60487.7,70130.67,,,,,,,,,,,,,,,,,,
1637.1363476562499,2.0,500.0,192.5,10.0,23.0,architectural,11.dxf,931056.0399999999,80000.0,345000.0,60000.0,9619.69,24000.0,7984.72,80500.0,97337.58,104942.08,121671.97,,,,,,,,,,,,,,,,,,
4170.685644531251,10.0,500.0,323.5,10.0,30.0,architectural,12.dxf,1555294.79,123986.14,345000.0,87177.76,24506.64,24000.0,20341.48,105000.0,247972.29,267345.12,309965.36,,,,,,,,,,,,,,,,,,
5000.0,10.0,500.0,400.0,10.0,30.0,architectural,13.dxf,1770303.38,148640.0,345000.0,104512.5,29379.63,24000.0,24386.25,105000.0,297280.0,320505.0,371600.0,,,,,,,,,,,,,,,,,,
4281.88125,10.0,500.0,298.0,10.0,25.0,architectural,14.dxf,1566623.4200000002,127291.77,345000.0,89502.02,25160.01,24000.0,20883.81,87500.0,254583.53,274472.87,318229.41,,,,,,,,,,,,,,,,,,
2350.15923828125,8.0,500.0,218.5,10.0,23.0,architectural,15.dxf,1079814.1300000001,80000.0,345000.0,60000.0,13809.36,24000.0,11462.31,80500.0,139731.07,150647.56,174663.83,,,,,,,,,,,,,,,,,,
3131.5811718749997,1.0,500.0,296.0,10.0,30.0,architectural,16.dxf,1285895.85,93095.65,345000.0,65457.88,18400.94,24000.0,15273.5,105000.0,186191.29,200737.48,232739.11,,,,,,,,,,,,,,,,,,
1031.296875,3.0,302.02265625,141.0,9.76,16.0,architectural,17.dxf,643555.27,80000.0,208395.63,60000.0,6059.82,24000.0,5029.89,56000.0,61316.79,66107.16,76645.98,,,,,,,,,,,,,,,,,,
891.6813281249999,2.0,271.7505,126.0,8.24,14.0,architectural,18.dxf,586539.47,80000.0,187507.84,60000.0,5239.45,24000.0,4348.95,49000.0,53015.81,57157.66,66269.76,,,,,,,,,,,,,,,,,,
922.8172851562499,2.0,282.12730468750004,127.5,8.58,15.0,architectural,19.dxf,603695.37,80000.0,194667.84,60000.0,5422.41,24000.0,4500.81,52500.0,54867.02,59153.51,68583.78,,,,,,,,,,,,,,,,,,
4170.19052734375,10.0,500.0,323.5,10.0,30.0,architectural,2.dxf,1555166.4100000001,123971.42,345000.0,87167.41,24503.73,24000.0,20339.06,105000.0,247942.85,267313.38,309928.56,,,,,,,,,,,,,,,,,,
4473.53125,10.0,500.0,286.0,10.0,28.0,architectural,3.dxf,1626810.7300000002,132989.14,345000.0,93507.99,26286.13,24000.0,21818.53,98000.0,265978.27,286757.83,332472.84,,,,,,,,,,,,,,,,,,
1085.4507421875,2.0,350.41560937500003,137.5,9.38,16.0,architectural,4.dxf,688244.55,80000.0,241786.77,60000.0,6378.03,24000.0,5294.01,56000.0,64536.56,69578.48,80670.7,,,,,,,,,,,,,,,,,,
1061.50203125,5.0,264.14120312500006,133.0,8.98,14.0,architectural,5.dxf,616718.7799999999,80000.0,182257.43,60000.0,6237.31,24000.0,5177.21,49000.0,63112.66,68043.34,78890.83,,,,,,,,,,,,,,,,,,
750.59275390625,2.0,220.3260859375,110.5,8.1,12.0,architectural,6.dxf,514810.87,80000.0,152025.0,60000.0,4600.0,24000.0,3660.83,42000.0,44627.24,48113.75,55784.05,,,,,,,,,,,,,,,,,,
2033.58375,7.0,500.0,207.0,10.0,22.0,architectural,7.dxf,1010266.94,80000.0,345000.0,60000.0,11949.19,24000.0,9918.3,77000.0,120908.76,130354.75,151135.94,,,,,,,,,,,,,,,,,,
953.21701171875,2.0,294.3484453125,132.5,9.58,15.0,architectural,8.dxf,618470.26,80000.0,203100.43,60000.0,5601.03,24000.0,4649.08,52500.0,56674.47,61102.16,70843.09,,,,,,,,,,,,,,,,,,
1476.453125,4.0,442.93593749999997,170.0,10.0,20.0,architectural,9.dxf,847658.4800000001,80000.0,305625.8,60000.0,8675.53,24000.0,7201.03,70000.0,87784.0,94642.12,109730.0,,,,,,,,,,,,,,,,,,
,,,,,,structural,Architectural Plan.dxf,6553595.5,900000.0,,1181250.0,,,,,,,250000.0,500.0,11790.0,1509.0,11.0,39.0,500.0,2000.0,10.0,1,943200.0,5305.5,675000.0,630000.0,282937.5,679050.0,600000.0,150322.5,256530.0
,,,,,,structural,First Floor.dxf,5137525.0,900000.0,,1181250.0,,,,,,,250000.0,500.0,3900.0,666.0,9.0,13.0,500.0,2000.0,10.0,1,312000.0,1755.0,675000.0,630000.0,124875.0,299700.0,600000.0,49725.0,113220.0
,,,,,,structural,Footing and Column Drawing.dxf,6122866.75,900000.0,,1181250.0,,,,,,,250000.0,500.0,8715.0,1330.5,39.0,59.0,500.0,2000.0,10.0,1,697200.0,3921.75,675000.0,630000.0,249468.75,598725.0,600000.0,111116.25,226185.0
,,,,,,structural,Ground Beam.dxf,4892650.0,900000.0,,1181250.0,,,,,,,250000.0,500.0,3300.0,432.0,3.0,11.0,500.0,2000.0,10.0,1,264000.0,1485.0,675000.0,630000.0,81000.0,194400.0,600000.0,42075.0,73440.0
,,,,,,structural,Terrace Floor.dxf,4917616.75,900000.0,,1181250.0,,,,,,,250000.0,500.0,3165.0,478.5,5.0,10.0,475.4021630859375,2000.0,10.0,1,253200.0,1424.25,675000.0,630000.0,89718.75,215325.0,600000.0,40353.75,81345.0
,,,,,,structural,Architectural Plan.dxf,5955346.0,900000.0,,1181250.0,,,,,,,250000.0,500.0,8880.0,1104.0,11.0,34.0,471.43413281249997,1802.2190624999998,10.0,2,710400.0,3996.0,675000.0,630000.0,207000.0,496800.0,600000.0,113220.0,187680.0
,,,,,,structural,First Floor.dxf,5175911.5,900000.0,,1181250.0,,,,,,,250000.0,500.0,3870.0,717.0,11.0,12.0,500.0,2000.0,10.0,2,309600.0,1741.5,675000.0,630000.0,134437.5,322650.0,600000.0,49342.5,121890.0
,,,,,,structural,Footing & Column Drawing.dxf,6196669.25,900000.0,,1181250.0,,,,,,,250000.0,500.0,9065.0,1381.5,42.0,63.0,500.0,2000.0,10.0,2,725200.0,4079.25,675000.0,630000.0,259031.25,621675.0,600000.0,115578.75,234855.0
,,,,,,structural,Ground Beams.dxf,5596049.75,900000.0,,1181250.0,,,,,,,250000.0,500.0,8105.0,748.5,48.0,90.0,500.0,2000.0,10.0,2,648400.0,3647.25,675000.0,630000.0,140343.75,336825.0,600000.0,103338.75,127245.0
,,,,,,structural,Second Floor.dxf,5122984.75,900000.0,,1181250.0,,,,,,,250000.0,500.0,3705.0,670.5,10.0,12.0,500.0,2000.0,10.0,2,296400.0,1667.25,675000.0,630000.0,125718.75,301725.0,600000.0,47238.75,113985.0
,,,,,,structural,Architectural Plan.dxf,3126668.8099999996,542709.04,,712305.62,,,,,,,150752.51,301.5050244140625,3150.0,345.0,2.0,10.0,92.432197265625,117.37421875000001,10.0,3,252000.0,1417.5,407031.78,379896.33,64687.5,155250.0,361806.03,40162.5,58650.0
,,,,,,structural,Column and Footing Drawing.dxf,7359618.0,900000.0,,1181250.0,,,,,,,250000.0,500.0,14590.0,2184.0,50.0,100.0,500.0,2000.0,10.0,3,1167200.0,6565.5,675000.0,630000.0,409500.0,982800.0,600000.0,186022.5,371280.0
,,,,,,structural,First Floor.dxf,5330225.5,900000.0,,1181250.0,,,,,,,250000.0,500.0,4590.0,825.0,12.0,15.0,328.05680273437497,2000.0,10.0,3,367200.0,2065.5,675000.0,630000.0,154687.5,371250.0,600000.0,58522.5,140250.0
,,,,,,structural,Ground Beam.dxf,4671172.83,877893.16,,1152234.77,,,,,,,243859.21,487.7184228515625,2430.0,387.0,4.0,8.0,88.942271484375,702.75375,10.0,3,194400.0,1093.5,658419.87,614525.21,72562.5,174150.0,585262.11,30982.5,65790.0
,,,,,,structural,Second Floor.dxf,5282890.75,900000.0,,1181250.0,,,,,,,250000.0,500.0,4485.0,778.5,11.0,14.0,328.372078125,2000.0,10.0,3,358800.0,2018.25,675000.0,630000.0,145968.75,350325.0,600000.0,57183.75,132345.0
,,,,,,structural,Terrace Level.dxf,5224745.5,900000.0,,1181250.0,,,,,,,250000.0,500.0,4290.0,729.0,10.0,14.0,278.6388515625,2000.0,10.0,3,343200.0,1930.5,675000.0,630000.0,136687.5,328050.0,600000.0,54697.5,123930.0
,,,,,,structural,Architectural Plan.dxf,3478524.7800000003,627676.63,,823825.58,,,,,,,174354.62,348.70923828125,2985.0,304.5,2.0,9.0,86.02455175781249,50.0,10.0,4,238800.0,1343.25,470757.47,439373.64,57093.75,137025.0,418451.09,38058.75,51765.0
,,,,,,structural,Column and Footing Drawing.dxf,8073809.0,900000.0,,1181250.0,,,,,,,250000.0,500.0,18770.0,2586.0,31.0,73.0,500.0,2000.0,10.0,4,1501600.0,8446.5,675000.0,630000.0,484875.0,1163700.0,600000.0,239317.5,439620.0
,,,,,,structural,First Floor.dxf,6423503.0,900000.0,,1181250.0,,,,,,,250000.0,500.0,10940.0,1446.0,50.0,84.0,500.0,2000.0,10.0,4,875200.0,4923.0,675000.0,630000.0,271125.0,650700.0,600000.0,139485.0,245820.0
,,,,,,structural,Ground Beam.dxf,5699496.5,900000.0,,1181250.0,,,,,,,250000.0,500.0,9020.0,771.0,50.0,100.0,321.8669296875,2000.0,10.0,4,721600.0,4059.0,675000.0,630000.0,144562.5,346950.0,600000.0,115005.0,131070.0
,,,,,,structural,Second Floor.dxf,6263968.75,900000.0,,1181250.0,,,,,,,250000.0,500.0,10125.0,1342.5,47.0,78.0,500.0,2000.0,10.0,4,810000.0,4556.25,675000.0,630000.0,251718.75,604125.0,600000.0,129093.75,228225.0
